"URL","T_court","T_long","Description","Photo_1","Photo_2","Photo_3","Type","nb_ch","nb_sdb","surf_hab","surf_jar","prix","com","dep","com_name","com_insee","dep_name","reg_name","Lat","Long"
"https://analytics.huma-num.fr/Robin.Cura/ScrapImmob/annonces/Normandie_0105.html","Appartement charmeux de 57m¬≤ √† Elbeuf - R√©gion Normandie √† vendre √† 90000‚Ç¨","Appartement de r√™ve de 57m¬≤ avec 3 chambres et 1 salle de bains √† Elbeuf, r√©gion Normandie. √Ä vendre √† 90000‚Ç¨.","Cet appartement de 57m¬≤, situ√© dans la magnifique commune d'Elbeuf, en r√©gion Normandie, est l'opportunit√© id√©ale pour vous. Compos√© de 3 chambres et 1 salle de bain, cet appartement offre tout espace n√©cessaire pour vivre confortablement et agr√©ablement. Sa situation privil√©gi√©e permet de profiter des attractions touristiques et culturelles de la r√©gion Normandie, tout en √©tant proche des transports en commun et des services. Avec un prix abordable de 90000‚Ç¨, cet appartement ne fait que s'offrir √† vous. Ne ratez pas cette occasion unique et contactez-nous pour plus d'informations ou pour visiter le bien.","../images_1000/Normandie_0105_1.png","../images_1000/Normandie_0105_2.png","../images_1000/Normandie_0105_3.png","Appartement",3,1,57,NA,90000,"Elbeuf (76231)","Seine-Maritime (Normandie)","Elbeuf","76231","Seine-Maritime","Normandie",49.2532749477927,0.994392937548677
"https://analytics.huma-num.fr/Robin.Cura/ScrapImmob/annonces/Normandie_0445.html","Appartement spacieux et charmant √† Saint-Pierre-l√®s-Elbeuf","Bon plan! Appartement de 108 m¬≤ avec 6 chambres et 2 salles de bain, situ√© dans la commune de Saint-Pierre-l√®s-Elbeuf, en r√©gion Normandie. √Ä vendre pour le prix de 90000 ‚Ç¨.","Trouvez votre prochain habitat dans cet appartement charmeur de 108 m¬≤, situ√© au c≈ìur de la belle commune de Saint-Pierre-l√®s-Elbeuf en r√©gion Normandie. Compos√© de 6 chambres et 2 salles de bain, cet espace convivial offre tout le confort n√©cessaire √† une vie heureuse. L'appartement est √©galement √©quip√© d'une cuisine moderne, d'une salle √† manger et d'une salle de s√©jour, ainsi que d'un garage privatif pour assurer une vie quotidienne simple et pratique. Cette propri√©t√© √† vendre pour le prix de seulement 90000 ‚Ç¨ repr√©sente un vrai bon plan pour investir dans un logement riche en espace et en convivialit√©.","../images_1000/Normandie_0445_1.png","../images_1000/Normandie_0445_2.png","../images_1000/Normandie_0445_3.png","Appartement",6,2,108,NA,90000,"Saint-Pierre-l√®s-Elbeuf (76640)","Seine-Maritime (Normandie)","Saint-Pierre-l√®s-Elbeuf","76640","Seine-Maritime","Normandie",49.2953397148893,1.05060357076443
"https://analytics.huma-num.fr/Robin.Cura/ScrapImmob/annonces/Normandie_0095.html","Appartement de charmeparis","Appartement de 103m¬≤ comprenant 4 chambres et 2 salles de bain, √† vendre dans la commune de D√©ville-l√®s-Rouen, en r√©gion Normandie.","Cet appartement charmant, situ√© dans le c≈ìur de la commune de D√©ville-l√®s-Rouen, offre aux futurs propri√©taires un espace reposant et confortable. Il dispose de 4 chambres, permettant des espaces priv√©s pour tous les membres de la famille ou les amis. Les deux salles de bain sont √©quip√©es de sanitaires modernes et offert un cadre id√©al pour se d√©tendre apr√®s une journ√©e √† l'ext√©rieur. Cette magnifique propri√©t√© est disponible √† un prix tr√®s comp√©titif, ne manchez donc pas cette occasion unique!","../images_1000/Normandie_0095_1.png","../images_1000/Normandie_0095_2.png","../images_1000/Normandie_0095_3.png","Appartement",4,2,103,NA,190000,"D√©ville-l√®s-Rouen (76216)","Seine-Maritime (Normandie)","D√©ville-l√®s-Rouen","76216","Seine-Maritime","Normandie",49.478578925695,1.05126186793999
"https://analytics.huma-num.fr/Robin.Cura/ScrapImmob/annonces/Normandie_0359.html","Appartement de charme √† Rouen","Appartement de 50 m¬≤ avec 2 chambres et 1 salle de bain √† vendre √† Rouen","Cet appartement charmant de 50 m¬≤ se situe dans une r√©sidence historique de Rouen. Il dispose de deux chambres, une salle de bain et une cuisine √©quip√©e. Les amateurs de patrimoine architectural ne manqueront pas de tomber sous son charme ! Situ√© juste √† c√¥t√© de la cath√©drale Notre-Dame, cet appartement est id√©al pour les personnes soucieuses de la qualit√© de vie et de la proximit√© des nombreux sites patrimoniaux de la ville. Le prix propos√© est de 145 000 ‚Ç¨.","../images_1000/Normandie_0359_1.png","../images_1000/Normandie_0359_2.png","../images_1000/Normandie_0359_3.png","Appartement",2,1,50,NA,145000,"Rouen (76540)","Seine-Maritime (Normandie)","Rouen","76540","Seine-Maritime","Normandie",49.4458893504247,1.11118527516764
"https://analytics.huma-num.fr/Robin.Cura/ScrapImmob/annonces/Normandie_0298.html","Appartement charmant de 69m¬≤ √† Notre-Dame-de-Bondeville - 2 chambres, 1 salle de bain","Appartement moderne de 69m¬≤ situ√© dans la commune de Notre-Dame-de-Bondeville, en r√©gion Normandie. Comprend 2 chambres et 1 salle de bain. √Ä vendre pour 180000‚Ç¨.","Cet appartement de 69m¬≤ est pr√©sent√© dans la commune de Notre-Dame-de-Bondeville, en r√©gion Normandie. Id√©al pour une famille ou un couple, il comprend 2 chambres et une salle de bain. Profitez d'une surface habitable of 69m¬≤ et d'une ambiance chaleureuse et conviviale. Le prix d'achat est de 180000‚Ç¨. N'h√©sitez pas √† partir √† une visite.","../images_1000/Normandie_0298_1.png","../images_1000/Normandie_0298_2.png","../images_1000/Normandie_0298_3.png","Appartement",2,1,69,NA,180000,"Notre-Dame-de-Bondeville (76474)","Seine-Maritime (Normandie)","Notre-Dame-de-Bondeville","76474","Seine-Maritime","Normandie",49.4974412639953,1.04569945168416
"https://analytics.huma-num.fr/Robin.Cura/ScrapImmob/annonces/Normandie_0271.html","Appartement spacieux dans la vall√©e de Seine","Bien immobilier de prestige √† Mont-Saint-Aignan avec 4 chambres, 2 salles de bain, jardin priv√©, solarium et acc√®s au parcours de golf.","Cet appartement tranquille et lumineux de 106m¬≤ est situ√© dans la pr√©fecture de Seine-Maritime, √† quelques minutes √† pied du centre-ville, du parc de Fleury et du parc de Saint-Martin. Il dispose de 4 chambres, 2 salle de bains dont une avec douche italienne et un grand espace s√©jour-cuisine √©quip√©e de four-gaz, de froid-r√©frig√©rateur, de cuiseur et de lave-vaisselle. Le salon offre une belle visibilit√© sur le parcours de golf privil√©gi√©, et l'entr√©e est √©quip√©e d'une armoire-grande murale avec meuble hauteur personnel. La terrasse de 7m¬≤, accessible depuis le salon, offre un superbe point de vue sur la for√™t de Mont-Saint-Aignan, id√©al pour les moments de d√©tente et de convivialit√©. Le garage en commun est √† proximit√©, ainsi qu'un parking payant de 4 places √† 50m.}","../images_1000/Normandie_0271_1.png","../images_1000/Normandie_0271_2.png","../images_1000/Normandie_0271_3.png","Appartement",4,2,106,NA,280000,"Mont-Saint-Aignan (76451)","Seine-Maritime (Normandie)","Mont-Saint-Aignan","76451","Seine-Maritime","Normandie",49.4685425297209,1.09899939827238
"https://analytics.huma-num.fr/Robin.Cura/ScrapImmob/annonces/Normandie_0282.html","Appartement de charme en Normandie - Mont-Saint-Aignan","Appartement de 91 m¬≤ avec 4 chambres et 3 salles de bain √† Mont-Saint-Aignan, r√©gion Normandie, √† vendre pour 2 000 000 ‚Ç¨.","D√©couvrez cet appartement de charme de 91 m¬≤ situ√© au c≈ìur de la belle commune de Mont-Saint-Aignan, en r√©gion Normandie. Ce magnifique appartement comprend 4 chambres et 3 salles de bain, offrant ainsi une grande libert√© de vie. Le sol est enti√®rement rev√™tu de planches de bois, ajoutant une touche de charme et de confort. La cuisine est √©quip√©e de tous les accessoires modernes et fonctionnels, ce qui permet √† tous de se sentir √† l'aise lorsqu'ils cuisinent ou pr√©parent des repas. L'ensemble de l'appartement est √©clair√© par de grandes fen√™tres qui permettent une lumi√®re naturelle abondante, et la vue sur les jolies rues pav√©es de Mont-Saint-Aignan n'est pas non plus √† d√©daigner. La ville de Mont-Saint-Aignan est connue pour son patrimoine historique et culturel riche, et ses nombreuses activit√©s sportives et culturelles sont √† port√©e de main. De plus, la proximit√© de la mer et des plages est √©galement un atout important pour ceux qui aiment pratiquer des sports aquatiques et profiter des paysages superbes de la c√¥te normande. Si vous cherchez un h√©ritage unique et charmant, cet appartement est fait pour vous. Ne manquez pas cette occasion exceptionnelle de vivre en Normandie dans un cadre agr√©able et calme. Parcourez rapidement cette annonce et contactez-nous pour savoir davantage sur cette propri√©t√©.","../images_1000/Normandie_0282_1.png","../images_1000/Normandie_0282_2.png","../images_1000/Normandie_0282_3.png","Appartement",4,3,91,NA,2e+05,"Mont-Saint-Aignan (76451)","Seine-Maritime (Normandie)","Mont-Saint-Aignan","76451","Seine-Maritime","Normandie",49.478037207087,1.09256976419082
"https://analytics.huma-num.fr/Robin.Cura/ScrapImmob/annonces/Normandie_0331.html","Appartement de charme √† Rouen - 4 chambres - 3 salles de bain","Appartement de 69m¬≤ avec 4 chambres et 3 salles de bain, situ√© dans une r√©sidence tranquille de Rouen. Piscine int√©rieure disponible.","Cet appartement de caract√®re, situ√© dans une r√©sidence pittoresque de Rouen, propose une surface habitable de 69m¬≤. Il dispose de 4 chambres et de 3 salles de bain, id√©al pour une grande famille ou un couple ayant des projets d'extension. La pi√®ce ma√Ætresse est la belle salle √† manger-cuisine √©quip√©e de tous les √©quipements modernes. Les chambres sont lumineuses et confortables. L'appartement offre √©galement une terrasse panoramique sur la ville de Rouen et acc√®s √† une piscine int√©rieure. Ce bien immobilier serait parfait pour une famille en recherche de quietude et de proximit√© avec les am√©nit√©s de la ville.","../images_1000/Normandie_0331_1.png","../images_1000/Normandie_0331_2.png","../images_1000/Normandie_0331_3.png","Appartement",4,3,69,NA,195000,"Rouen (76540)","Seine-Maritime (Normandie)","Rouen","76540","Seine-Maritime","Normandie",49.4444883504719,1.13309939284817
"https://analytics.huma-num.fr/Robin.Cura/ScrapImmob/annonces/Normandie_0091.html","Appartement luxueux de 96m¬≤ avec 3 chambres et 3 salles de bain √† Duclair, Normandie","D√©couvrez cet appartement magnifique de 96m¬≤ situ√© dans la commune de Duclair en r√©gion Normandie. 3 chambres, 3 salles de bain, espace √©quip√© et belle vue sur les jardins.","Appartement de r√™ve √† Duclair, Normandie. Cet appartement lumineux de 96m¬≤ offre une grande habitation et une superbe vue sur les jardins. Il comprend 3 chambres et 3 salles de bain, ainsi qu'une salle de bains compl√©mentaire. L'appartement est √©quip√© d'une cuisine am√©nag√©e avec des √©l√©ments modernes et design, d'une salle de bain √©quip√©e d'une douche, d'une salle de bain compl√©mentaire et d'un espace d√©di√© au repos et √† la d√©tente. Les pi√®ces sont √©galement √©clair√©es par des fen√™tres offertant une vue imprenable sur les jardins. Situ√© dans une zone calme et tranquille de la commune de Duclair en r√©gion Normandie, cet appartement est id√©al pour les familles ou les couples cherchant un refuge paisible.","../images_1000/Normandie_0091_1.png","../images_1000/Normandie_0091_2.png","../images_1000/Normandie_0091_3.png","Appartement",3,3,96,NA,220000,"Duclair (76222)","Seine-Maritime (Normandie)","Duclair","76222","Seine-Maritime","Normandie",49.485461406696,0.848594217352711
"https://analytics.huma-num.fr/Robin.Cura/ScrapImmob/annonces/Normandie_0255.html","Maison charmante √† Maromme - 79m¬≤ avec jardin de 180m¬≤","Venez d√©couvrir cette magnifique maison de charme, situ√©e dans la tranquille commune de Maromme. Elle dispose de 4 chambres et 2 salles de bains sur 79 m√®tres carr√©s habitable et poss√®de un joli jardin de 180 m√®tres carr√©s.","Il est temps de r√™ver de la vie paisible et de la nature dans votre propre maison, tout fra√Æchement renov√©e. Cet antre de r√™ve se trouve dans la commune de Maromme, en Normandie, o√π l'air est pur et les paysages sont magnifiques. Cette magnifique maison de charme offre un espace de vie confortable, avec une surface totale de 79 m√®tres carr√©s dont 4 chambres, une cuisine √©quip√©e et deux salles de bain modernes. Cela permettra au mieux de partager ses moments de d√©tente et de convivialit√© avec sa famille ou ses amis. De plus, cette maison propose un joli jardin de 180 m√®tres carr√©s, parfait pour se balader en famille ou passer de longues heures √† jouer avec les enfants. Enfin, cette propri√©t√© est disponible √† un prix tr√®s abordable de 135 000 ‚Ç¨, ce qui repr√©sente un excellent investissement pour la vie future. Ne tardez plus et contactez-nous pour vous renseigner davantage sur cette maison id√©ale pour vos vacances ou votre retraite.","../images_1000/Normandie_0255_1.png","../images_1000/Normandie_0255_2.png","../images_1000/Normandie_0255_3.png","Maison",4,2,79,180,135000,"Maromme (76410)","Seine-Maritime (Normandie)","Maromme","76410","Seine-Maritime","Normandie",49.4868366604898,1.02701145638215
"https://analytics.huma-num.fr/Robin.Cura/ScrapImmob/annonces/Normandie_0464.html","Maison charmante - 65m¬≤ + jardin de 190m¬≤ - Saint-√âtienne-du-Rouvray","D√©couvrez cette magnifique maison de 65m¬≤ situ√©e dans la tranquille commune de Saint-√âtienne-du-Rouvray, comprenant un jardin de 190m¬≤ et deux chambres √† coucher.","Cette maison de caract√®re de 65m¬≤, situ√©e dans la commune de Saint-√âtienne-du-Rouvray, offre une superbe qualit√© de vie en pleine nature. Son jardin de 190m¬≤ est id√©al pour se d√©tendre en famille ou accueillir des amis. L'int√©rieur du b√¢timent propose deux chambres √† coucher ainsi qu'une salle de bains, tout en proposant un cadre agr√©able et lumineux gr√¢ce √† ses fen√™tres √©troites. Ne manquez pas cette occasion unique pour devenir propri√©taire de cet atout immobilier √† vendre pour le prix de 125 000‚Ç¨.","../images_1000/Normandie_0464_1.png","../images_1000/Normandie_0464_2.png","../images_1000/Normandie_0464_3.png","Maison",2,1,65,190,125000,"Saint-√âtienne-du-Rouvray (76575)","Seine-Maritime (Normandie)","Saint-√âtienne-du-Rouvray","76575","Seine-Maritime","Normandie",49.3632916331091,1.078334417242
"https://analytics.huma-num.fr/Robin.Cura/ScrapImmob/annonces/Normandie_0034.html","Maison charmante √† Boos - 99 m¬≤ - 3 chambres - 2 salle de bain - 265 000 ‚Ç¨","Maison charmante √† Boos, r√©gion Normandie, avec 99 m¬≤ habiles, 3 chambres et 2 salles de bain. 265 000 ‚Ç¨.","Cette maison charmante de 99 m¬≤, situ√©e √† Boos, r√©gion Normandie, offre 3 chambres et 2 salles de bain, ainsi qu'un jardin de 55 m¬≤. A 265 000 ‚Ç¨.","../images_1000/Normandie_0034_1.png","../images_1000/Normandie_0034_2.png","../images_1000/Normandie_0034_3.png","Maison",3,2,99,55,265000,"Boos (76116)","Seine-Maritime (Normandie)","Boos","76116","Seine-Maritime","Normandie",49.3786672360151,1.19396258467138
"https://analytics.huma-num.fr/Robin.Cura/ScrapImmob/annonces/Normandie_0326.html","Maison charmante avec grand jardin √† Rives-en-Seine","Maison de ma√Ætre de 121m¬≤ avec jardin de 145m¬≤, 5 chambres et 2 salles de bain √† Rives-en-Seine, r√©gion Normandie, √† vendre pour 235 000‚Ç¨.","Cette magnifique maison de ma√Ætre de 121m¬≤ est situ√©e dans la tranquille commune de Rives-en-Seine, en r√©gion Normandie, dans une propri√©t√© de 145m¬≤ de jardin. Cette propri√©t√© comprend cinq chambres et deux salles de bain, offrant ainsi un espace confortable pour toute la famille. Les amateurs de nature auront √©galement la possibilit√© de profiter d'un cadre exceptionnel au coeur d'une nature verdoyante et pittoresque. Avec une superficie int√©rieure de 121m¬≤, cette maison est richement √©quip√©e, offrant √† ses futurs occupants toutes les commodit√©s modernes et confortables. Le prix de vente est fix√© √† 235 000‚Ç¨. Ne manquez pas cette occasion unique pour d√©couvrir cette magnifique propri√©t√© et profiter d'une vie paisible dans un cadre idyllique.","../images_1000/Normandie_0326_1.png","../images_1000/Normandie_0326_2.png","../images_1000/Normandie_0326_3.png","Maison",5,2,121,145,235000,"Rives-en-Seine (76164)","Seine-Maritime (Normandie)","Rives-en-Seine","76164","Seine-Maritime","Normandie",49.5059129304512,0.661251526423608
"https://analytics.huma-num.fr/Robin.Cura/ScrapImmob/annonces/Normandie_0478.html","Maison charmante avec jardin de 30 m¬≤ √† Sotteville-l√®s-Rouen","Maison de charme de 40 m¬≤, deux chambres, salle de bain, jardin privatif de 30 m¬≤, quartier r√©sidentiel calme, proximit√© des transports et commerces.","Cette magnifique maison de 40 m¬≤, situ√©e dans la tranquille commune de Sotteville-l√®s-Rouen en r√©gion Normandie, offre une belle opportunit√© d'acquisition √† un prix tr√®s abordable. Cette demeure est compos√©e de deux chambres et d'une salle de bain, tout en profitant d'un jardin de 30 m¬≤ privatif. Son emplacement idyllique, dans un quartier r√©sidentiel calme, est √©galement avantageux, proposant une vie en couple ou familiale agr√©able et paisible. De plus, sa situation privil√©gi√©e permet d'acc√©der aux transports en commun et aux commerces en quelques instants. D√©couvrez cette maison charmante et ne ratez pas cette occasion unique pour investir sur ce march√© immobilier prometteur.","../images_1000/Normandie_0478_1.png","../images_1000/Normandie_0478_2.png","../images_1000/Normandie_0478_3.png","Maison",2,1,40,30,95000,"Sotteville-l√®s-Rouen (76681)","Seine-Maritime (Normandie)","Sotteville-l√®s-Rouen","76681","Seine-Maritime","Normandie",49.4103792122405,1.07511207891319
"https://analytics.huma-num.fr/Robin.Cura/ScrapImmob/annonces/Normandie_0315.html","Maison charmante sous jardin privatif √† Petit-Couronne","Magnifique maison de village de 39 m¬≤ avec jardin privatif de 75 m¬≤, comprenant 2 chambres et 1 salle de bain. Tout proche du centre bourg.","Dans la tranquille commune de Petit-Couronne, dans la r√©gion Normandie, proposez-vous cette magnifique propri√©t√© compos√©e d'une maison de village de 39 m¬≤ sur une parcelle de terrain de 75 m¬≤. Cette belle propri√©t√© compte deux chambres et une salle de bain, pour assurer au futur propri√©taire un confort absolu. L'int√©rieur de la maison pr√©sente une belle d√©coration, avec des meubles contemporains et des √©l√©ments d√©coratifs cr√©eurs. Le jardin, quant √† lui, est vraiment privatif, offrant un espace verdoyant o√π d√©couvrir la nature locale. De plus, la maison est situ√©e tout pr√®s du centre bourg, ce qui permet de profiter des commodit√©s du village tout en ayant un endroit calme et paisible. Pour ceux qui cherchent un cadre id√©al pour vivre √† calme et s'adonner √† leurs loisirs pr√©f√©r√©s, cette maison est l'id√©al. Votre futur r√™ve, √† Petit-Couronne.","../images_1000/Normandie_0315_1.png","../images_1000/Normandie_0315_2.png","../images_1000/Normandie_0315_3.png","Maison",2,1,39,75,90000,"Petit-Couronne (76497)","Seine-Maritime (Normandie)","Petit-Couronne","76497","Seine-Maritime","Normandie",49.3631371799443,1.03853798200817
"https://analytics.huma-num.fr/Robin.Cura/ScrapImmob/annonces/Normandie_0408.html","Maison charmante de 148m¬≤ avec jardin privatif de 420m¬≤ √† Roumare - Normandie","Magnifique maison de charme de 148m¬≤ avec jardin privatif de 420m¬≤, comprenant 4 chambres et 2 salles de bain, situ√©e dans la commune de Roumare en r√©gion Normandie. Vendue pour le prix de 405 000‚Ç¨.","Cette magnifique maison de charme situ√©e dans la commune de Roumare en r√©gion Normandie est la solution id√©ale pour vous qui recherchez une propri√©t√© de qualit√© en pleine nature. Avec une superficie totale de 148m¬≤, cette maison offre un espace habitable spacieux et lumineux. Elle comprend 4 chambres, permettant ainsi de loger facilement une famille nombreuse ou accueillir invit√©s √† l'aise. Les deux salles de bain compl√®tent cette proposition parfaite pour une vie familiale harmonieuse. Le v√©ritable atout de cette maison r√©side dans son jardin privatif de 420m¬≤, id√©al pour les amateurs de jardinage et de d√©tente en plein air. Situ√©e √† quelques minutes de la plage et des villes historiques de la r√©gion, cette maison offre la possibilit√© de profiter de la beaut√© de la Normandie tout en √©tant proche des infrastructures et des commodit√©s modernes. Ne manquez pas cette occasion unique de vivre dans une belle maison de charme pour un prix tr√®s comp√©titif de 405 000‚Ç¨. Contactez-nous aujourd'hui pour plus d'informations sur cette propri√©t√© exceptionnelle.","../images_1000/Normandie_0408_1.png","../images_1000/Normandie_0408_2.png","../images_1000/Normandie_0408_3.png","Maison",4,2,148,420,405000,"Roumare (76541)","Seine-Maritime (Normandie)","Roumare","76541","Seine-Maritime","Normandie",49.5044689810521,0.984956834798668
"https://analytics.huma-num.fr/Robin.Cura/ScrapImmob/annonces/Normandie_0008.html","Magnifique maison √† Barentin de 73m¬≤ avec jardin de 195m¬≤ √† moins de 120k‚Ç¨","Meilleure opportunit√© pour investir dans une belle maison √† Barentin avec 2 chambres et 1 salle de bain sur 73m¬≤ de superficie construite + jardin de 195m¬≤ pour seulement 120 000‚Ç¨","Cette magnifique maison situ√©e √† Barentin en r√©gion Normandie, propose une surface utile de 73m¬≤, compos√©e de 2 chambres et 1 salle de bain. La pi√®ce ma√Ætresse de cette habitation est son jardin de 195m¬≤, id√©al pour d√©couvrir de grandes perspectives. L'achat de cette maison permettra √† ses futurs occupants d'acqu√©rir une propri√©t√© de qualit√© dans un cadre tranquille tout en b√©n√©ficiant d'une situation g√©ographique privil√©gi√©e. Pour en savoir plus sur cette proposition unique, n'h√©sitez pas √† contacter notre √©quipe immobili√®re.","../images_1000/Normandie_0008_1.png","../images_1000/Normandie_0008_2.png","../images_1000/Normandie_0008_3.png","Maison",2,1,73,195,120000,"Barentin (76057)","Seine-Maritime (Normandie)","Barentin","76057","Seine-Maritime","Normandie",49.5630244242834,0.963555080595286
"https://analytics.huma-num.fr/Robin.Cura/ScrapImmob/annonces/Normandie_0169.html","Maison charmante de 150 m¬≤ avec jardin privatif de 355 m¬≤, 4 chambres, 2 WC √† Le Grand-Quevilly, Normandie, √† vendre pour 475000 ‚Ç¨","Maison r√©nov√©e, calme et lumineuse, avec terrain de jeux pour enfants et parking privatif, proche des transports et des commerces.","D√©couvrez cette magnifique maison charmante de 150 m¬≤, situ√©e dans la commune de Le Grand-Quevilly, en r√©gion Normandie. Cette propri√©t√© bois√©e de 355 m¬≤ offre une oasis de tranquillit√© et de verdure √† quelques minutes des transports en commun et des commerces. La maison r√©nov√©e est √©quip√©e de 4 chambres et de 2 salles de bains modernes, permettant une vie confortable pour toute la famille. Disposez d'un jardin privatif avec terrain de jeux pour les enfants, ainsi qu'un parking privatif pour assurer votre s√©curit√©. Profitez de la nature tout en √©tant proche des √©coles, des services et autres amenit√©s. Ne manquez pas cet occasion unique de vivre dans un cadre exceptionnel √† Le Grand-Quevilly, en Normandie. L'annonce propose ce magnifique bien immobilier √† l'excellent prix de 475000 ‚Ç¨.","../images_1000/Normandie_0169_1.png","../images_1000/Normandie_0169_2.png","../images_1000/Normandie_0169_3.png","Maison",4,2,150,355,475000,"Le Grand-Quevilly (76322)","Seine-Maritime (Normandie)","Le Grand-Quevilly","76322","Seine-Maritime","Normandie",49.4219770848403,1.03950107458125
"https://analytics.huma-num.fr/Robin.Cura/ScrapImmob/annonces/Normandie_0142.html","Maison charmante de 142 m2 avec jardin de 225 m2 √† Houppeville, r√©gion Normandie - vendue √† 215 000 ‚Ç¨","Maison de r√™ve de 142 m2 avec jardin de 225 m2 dans la commune de Houppeville, en r√©gion Normandie. 6 chambres et 3 salles de bain pour une valeur de 215 000 ‚Ç¨.","Imagine-vous vivre dans une magnifique maison de charme de 142 m√®tres carr√©s, situ√©e dans la tranquille commune de Houppeville, en r√©gion Normandie. Cette maison est id√©ale pour une famille ou une personne cherchant du repos et de la serenit√©. Am√©nag√©e sur un terrain de 225 m√®tres carr√©s, cet espace verdoyant offre une oasis de paix dans un cadre pittoresque. La maison dispose de 6 chambres, permettant ainsi aux futurs propri√©taires d'accueillir facilement leurs invit√©s. De plus, elle compte 3 salles de bain pour une grande convivialit√©. Ce bijou immobilier peut √™tre acquis pour seulement 215 000 ‚Ç¨, repr√©sente donc une v√©ritable opportunit√© pour acqu√©rir une r√©sidence luxueuse au prix abordable. Ne manquez pas cette occasion unique d'acqu√©rir votre r√™ve chez vous dans une ambiance paysanne et anim√©e.","../images_1000/Normandie_0142_1.png","../images_1000/Normandie_0142_2.png","../images_1000/Normandie_0142_3.png","Maison",6,3,142,225,215000,"Houppeville (76367)","Seine-Maritime (Normandie)","Houppeville","76367","Seine-Maritime","Normandie",49.5002357523991,1.11510369744262
"https://analytics.huma-num.fr/Robin.Cura/ScrapImmob/annonces/Normandie_0439.html","Maison charmante de 113m¬≤ avec jardin de 200m¬≤ √† vendre √† Saint-Pa√´r, Normandie","Trouverez-vous vos r√™ves r√©unis ? üå∏ Le jardin de 200 m¬≤ est id√©al pour pique-niquer ou se d√©tendre en famille üòå Apprenez-en davantage sur cette magnifique maison √† Saint-Pa√´r, en Normandie !","Cette magnifique maison de 113 m¬≤, situ√©e dans la commune de Saint-Pa√´r, en r√©gion Normandie, offre toutes les commodit√©s n√©cessaires √† une vie heureuse et agr√©able. Disponible √† vendre pour un montant de 225 000 ‚Ç¨, cette demeure est compos√©e de 4 chambres et 2 salles de bain, permettant ainsi d'accueillir une famille nombreuse ou d'offrir de l'espace aux amis lors des r√©unions festives. Son jardin de 200 m¬≤, enti√®rement clos et entour√© d'arbres, constitue un lieu privil√©gi√© de d√©tente et de loisirs pour les occupants et leurs proches. Les installations sont modernes et fonctionnels, avec une cuisine √©quip√©e de tous les ustensiles n√©cessaires pour pr√©parer des repas savoureux. La proximit√© des infrastructures et des services (√©coles, commerces, transports) rend cette propri√©t√© encore plus attrayante.","../images_1000/Normandie_0439_1.png","../images_1000/Normandie_0439_2.png","../images_1000/Normandie_0439_3.png","Maison",4,2,113,200,225000,"Saint-Pa√´r (76631)","Seine-Maritime (Normandie)","Saint-Pa√´r","76631","Seine-Maritime","Normandie",49.5165834417516,0.902879998999503
"https://analytics.huma-num.fr/Robin.Cura/ScrapImmob/annonces/Normandie_0296.html","Maison charmante avec jardin, 4 chambres, 3 salles de bain - Notre-Dame-de-Bondeville (Normandie) - 245 000 ‚Ç¨","Maison de r√™ve de 106 m¬≤, jardin de 285 m¬≤, 4 chambres, 3 salles de bain, village pittoresque de Notre-Dame-de-Bondeville, r√©gion Normandie, √† vendre pour 245 000 ‚Ç¨.","Bien immobilier unique, cette belle maison de 106 m¬≤ offre une jolie surprise avec son magnifique jardin de 285 m¬≤. Situ√©e dans le charmeux village de Notre-Dame-de-Bondeville, √† l'est de Rouen, il s'agit d'une acquisition id√©ale pour une famille ou un couple qui appr√©cient la nature et le cadre paisible. Cette propri√©t√© comprend 4 chambres et 3 salles de bain, pour une superficie totale de 285 m¬≤, permettant une vie confortable et pratique. L'entr√©e principale donne acc√®s √† un hall d'accueil spacieux et lumineux, ainsi qu'√† une salle de s√©jour charmante et √©clair√©e par de grandes fen√™tres. La cuisine est √©quip√©e de tout ce dont vous avez besoin pour pr√©parer vos repas quotidiens ou vos d√©lices gastronomiques. Il y a √©galement un espace d√©di√© aux animaux de compagnie, un garage pour vos v√©hicules et un espace de stockage pour vos outils ou votre patrimoine. Tout pr√®s, vous trouverez des √©coles, des commerces et des transports en commun pour faciliter vos d√©placements quotidiens. Ne ratez pas cette occasion unique d'acqu√©rir cette maison √† prix abordable, nous sommes l√† pour vous accompagner dans votre projet !","../images_1000/Normandie_0296_1.png","../images_1000/Normandie_0296_2.png","../images_1000/Normandie_0296_3.png","Maison",4,3,106,285,245000,"Notre-Dame-de-Bondeville (76474)","Seine-Maritime (Normandie)","Notre-Dame-de-Bondeville","76474","Seine-Maritime","Normandie",49.4880879262546,1.04838775865522
"https://analytics.huma-num.fr/Robin.Cura/ScrapImmob/annonces/Normandie_0110.html","Maison charmante √† Elbeuf - 3 chambres, 2 salles de bain, 52m¬≤, jardin 45m¬≤","Maisond'√©poque de 52m¬≤ avec jardin de 45m¬≤, 3 chambres et 2 salles de bain, √† Elbeuf (Normandie), 95 000‚Ç¨.","Cette maison ancienne, situ√©e au c≈ìur d'Elbeuf, offre une ambiance chaleureuse et conviviale. Avec ses 52 m√®tres carr√©s habitable, elle est compos√©e de 3 chambres et 2 salles de bain, permettant ainsi d'accueillir confortablement une petite famille ou quelques amis. Le jardin de 45 m√®tres carr√©s compl√®te cet espace tout en plaisir gr√¢ce √† sa verdure et son d√©coration soign√©e. L'ensemble donne sur l'architecture locale, et constitue un lieu id√©al pour les promeneurs et les amoureux de la nature. Enfin, l'investissement d'une valeur de 95 000 ‚Ç¨ permet de r√©aliser un r√™ve de propri√©t√© privil√©gi√©.
D√©couvrez ce tr√©sor inesp√©r√© et soyez le premier √† profiter de cette maison charmante √† Elbeuf.","../images_1000/Normandie_0110_1.png","../images_1000/Normandie_0110_2.png","../images_1000/Normandie_0110_3.png","Maison",3,2,52,45,95000,"Elbeuf (76231)","Seine-Maritime (Normandie)","Elbeuf","76231","Seine-Maritime","Normandie",49.2627044246444,1.02114206198306
"https://analytics.huma-num.fr/Robin.Cura/ScrapImmob/annonces/Normandie_0418.html","Maison charmeuse de 115m¬≤ avec jardin privatif de 125m¬≤ √† Saint-Aubin-Celloville, r√©gion Normandie","D√©couvrez cette magnifique maison de caract√®re de 115m¬≤ avec 5 chambres et 4 salles de bain dans le calme de la commune de Saint-Aubin-Celloville, en r√©gion Normandie. Profitez d'un jardin privatif de 125m¬≤ et d'une vie rurale paisible. √Ä vendre √† 220 000‚Ç¨.","Cette magnifique maison de caract√®re de 115m¬≤ est situ√©e dans la tranquille commune de Saint-Aubin-Celloville, en r√©gion Normandie. Elle offre une vue imprenable sur les montagnes et une ambiance naturelle compl√®te. La maison est compos√©e de 5 chambres et 4 salles de bain, ce qui en fait un excellent investissement familial. Le jardin privatif de 125m¬≤ offre un espace vert id√©al pour les loisirs en plein air et pour accueillir votre famille et vos amis. L'acc√®s √† la ville est facile gr√¢ce √† sa position strat√©gique. Ne manquez pas cette occasion unique de vivre dans un cadre paisible et luxueux.","../images_1000/Normandie_0418_1.png","../images_1000/Normandie_0418_2.png","../images_1000/Normandie_0418_3.png","Maison",5,4,115,125,220000,"Saint-Aubin-Celloville (76558)","Seine-Maritime (Normandie)","Saint-Aubin-Celloville","76558","Seine-Maritime","Normandie",49.371358942379,1.15472007776298
"https://analytics.huma-num.fr/Robin.Cura/ScrapImmob/annonces/Normandie_0069.html","Maison charmante √† Caudebec-l√®s-Elbeuf","Magnifique maison de 112 m¬≤ avec jardin de 200 m¬≤, 6 chambres, 2 salles de bain, √† vendre √† 135 000 ‚Ç¨.","135 000 ‚Ç¨. Ne ratez pas cette opportunit√© unique pour devenir propri√©taire d'une maison de charme en r√©gion Normandie.","../images_1000/Normandie_0069_1.png","../images_1000/Normandie_0069_2.png","../images_1000/Normandie_0069_3.png","Maison",6,2,112,200,135000,"Caudebec-l√®s-Elbeuf (76165)","Seine-Maritime (Normandie)","Caudebec-l√®s-Elbeuf","76165","Seine-Maritime","Normandie",49.2897225156209,1.02462027792091
